PurchaseOrderNumber,ReceiptNumber,SupplierNumber,ReceiptCost,ReceiptDate,Closed,CloseDate,Currency,CreateDate,Updatedate,items,CustomFields
400001,1,0004541,181.56,2024-09-04T00:00:00-04:00,True,,,2024-09-04T09:27:09.823-04:00,2024-09-04T09:27:09.827-04:00,[],{}
400003,1,0010121,5100.0,2024-09-20T00:00:00-04:00,True,2024-09-23T17:10:53-04:00,,2024-09-20T16:26:48.053-04:00,2024-09-23T17:10:53.853-04:00,[],{}
400004,1,0010121,5100.0,2024-09-20T00:00:00-04:00,True,2024-09-23T17:09:52-04:00,,2024-09-20T16:26:00.683-04:00,2024-09-23T17:09:53-04:00,[],{}
400005,1,0004703,4761.22,2024-09-06T00:00:00-04:00,True,,,2024-09-06T15:20:01.013-04:00,2024-09-06T15:20:01.013-04:00,[],{}
400006,1,0009937,2743.0,2024-09-03T00:00:00-04:00,True,2024-09-11T12:43:28-04:00,,2024-09-03T17:50:40.453-04:00,2024-09-11T12:43:28.98-04:00,[],{}
400007,1,0004541,560.0,2024-09-06T00:00:00-04:00,True,,,2024-09-06T15:21:51.123-04:00,2024-09-06T15:21:51.123-04:00,[],{}
400008,1,0004778,4070.43,2024-09-17T00:00:00-04:00,True,2024-09-23T17:18:39-04:00,,2024-09-17T18:00:39.943-04:00,2024-09-23T17:18:39.513-04:00,[],{}
400009,1,0009930,5070.0,2024-09-05T00:00:00-04:00,True,,,2024-09-05T12:51:12.517-04:00,2024-09-05T12:51:12.52-04:00,[],{}
400010,1,0003890,841.4,2024-09-06T00:00:00-04:00,True,,,2024-09-06T15:18:43.067-04:00,2024-09-06T15:18:43.067-04:00,[],{}
400011,1,0002140,1066.71,2024-09-26T00:00:00-04:00,True,,,2024-09-26T09:58:14.54-04:00,2024-09-26T09:58:14.54-04:00,[],{}
400012,1,0004411,224.94,2024-09-11T00:00:00-04:00,True,2024-10-18T15:03:46-04:00,,2024-09-11T15:37:43.267-04:00,2024-09-11T15:37:43.27-04:00,[],{}
400013,1,0004640,2250.0,2024-09-16T00:00:00-04:00,True,2024-09-23T17:17:22-04:00,,2024-09-16T13:12:11.247-04:00,2024-09-23T17:17:22.16-04:00,[],{}
400014,1,0009066,360.0,2024-09-09T00:00:00-04:00,True,,,2024-09-09T11:30:21.49-04:00,2024-09-09T11:30:21.493-04:00,[],{}
400014,2,0009066,5500.0,2024-09-09T00:00:00-04:00,True,,,2024-09-09T11:32:36.973-04:00,2024-09-09T11:32:36.973-04:00,[],{}
400014,3,0009066,17600.0,2024-09-09T00:00:00-04:00,True,,,2024-09-09T11:34:08.483-04:00,2024-09-09T11:34:08.487-04:00,[],{}
400014,4,0009066,3185.0,2024-09-09T00:00:00-04:00,True,,,2024-09-09T11:35:38.023-04:00,2024-09-09T11:35:38.023-04:00,[],{}
400014,5,0009066,522.0,2024-09-09T00:00:00-04:00,True,,,2024-09-09T11:36:51.96-04:00,2024-09-09T11:36:51.96-04:00,[],{}
400014,6,0009066,540.0,2024-09-09T00:00:00-04:00,True,,,2024-09-09T11:37:44.737-04:00,2024-09-09T11:37:44.737-04:00,[],{}
400015,1,0001060,2131.47,2024-09-05T00:00:00-04:00,True,2024-09-27T13:31:39-04:00,,2024-09-05T16:54:05.877-04:00,2024-09-27T13:31:40.013-04:00,[],{}
400016,1,0009954,301.0,2024-09-05T00:00:00-04:00,True,2024-09-11T12:41:34-04:00,,2024-09-05T16:50:49.57-04:00,2024-09-11T12:41:34.543-04:00,[],{}
400017,1,0010023,1504.2,2024-09-06T00:00:00-04:00,True,2024-09-11T11:06:29-04:00,,2024-09-06T09:43:34.887-04:00,2024-09-11T11:06:29.337-04:00,[],{}
400018,1,0004640,800.0,2024-09-16T00:00:00-04:00,True,2024-09-23T17:16:49-04:00,,2024-09-16T13:09:50.717-04:00,2024-09-23T17:16:49.973-04:00,[],{}
400019,1,0004066,1148.0,2024-09-11T00:00:00-04:00,True,,,2024-09-11T13:12:55.213-04:00,2024-09-11T13:12:55.217-04:00,[],{}
400020,1,0004640,2940.0,2024-09-09T00:00:00-04:00,True,,,2024-09-09T17:44:10.52-04:00,2024-09-09T17:44:10.523-04:00,[],{}
400021,1,0004066,1206.5,2024-09-11T00:00:00-04:00,True,,,2024-09-11T16:30:49.747-04:00,2024-09-11T16:30:49.747-04:00,[],{}
400021,2,0004066,63.5,2024-09-11T00:00:00-04:00,True,,,2024-09-11T16:31:46.87-04:00,2024-09-11T16:31:46.87-04:00,[],{}
400022,1,0004720,2584.0,2024-09-06T00:00:00-04:00,True,,,2024-09-06T15:35:34.31-04:00,2024-09-06T15:35:34.31-04:00,[],{}
400023,1,0001533,2362.82,2024-09-06T00:00:00-04:00,True,2024-09-11T12:45:22-04:00,,2024-09-06T15:33:48.257-04:00,2024-09-11T12:45:22.737-04:00,[],{}
400024,1,0010112,631.27,2024-09-06T00:00:00-04:00,True,,,2024-09-06T15:32:38.477-04:00,2024-09-06T15:32:38.48-04:00,[],{}
400025,1,0009937,2822.08,2024-09-06T00:00:00-04:00,True,,,2024-09-06T16:05:10.17-04:00,2024-09-06T16:05:10.17-04:00,[],{}
400026,1,0004541,181.56,2024-09-06T00:00:00-04:00,True,,,2024-09-06T16:03:19.553-04:00,2024-09-06T16:03:19.557-04:00,[],{}
400027,1,0004006,35.0,2024-09-06T00:00:00-04:00,True,,,2024-09-06T16:01:34.603-04:00,2024-09-06T16:01:34.603-04:00,[],{}
400028,1,0010112,379.06,2024-09-09T00:00:00-04:00,True,,,2024-09-09T09:44:45.46-04:00,2024-09-09T09:44:45.463-04:00,[],{}
400029,1,0003159,217.42,2024-09-09T00:00:00-04:00,True,2024-09-11T10:56:40-04:00,,2024-09-09T09:27:08.51-04:00,2024-09-11T10:56:40.747-04:00,[],{}
400030,1,0009920,41.0,2024-09-09T00:00:00-04:00,True,,,2024-09-09T09:26:23.96-04:00,2024-09-09T09:26:23.96-04:00,[],{}
400031,1,0009052,221.29,2024-09-09T00:00:00-04:00,True,,,2024-09-09T09:25:23.9-04:00,2024-09-09T09:25:23.903-04:00,[],{}
400032,1,0009967,52614.0,2024-09-09T00:00:00-04:00,True,2024-09-11T12:38:43-04:00,,2024-09-09T10:24:18.087-04:00,2024-09-11T12:38:44.04-04:00,[],{}
400033,1,0003303,4595.5,2024-09-13T00:00:00-04:00,True,2024-09-17T17:26:37-04:00,,2024-09-13T12:05:03.76-04:00,2024-09-17T17:26:37.097-04:00,[],{}
400035,1,0002250,1675.5,2024-09-16T00:00:00-04:00,True,,,2024-09-16T13:07:08.713-04:00,2024-09-16T13:07:08.717-04:00,[],{}
400036,1,0001060,0.0,2024-09-10T00:00:00-04:00,True,,,2024-09-10T13:22:35.047-04:00,2024-09-10T13:22:35.05-04:00,[],{}
400037,1,0002250,4572.0,2024-09-09T00:00:00-04:00,True,2024-09-25T15:59:47-04:00,,2024-09-09T17:16:26.85-04:00,2024-09-25T15:59:47.09-04:00,[],{}
400038,1,0001570,918.0,2024-09-12T00:00:00-04:00,True,,,2024-09-12T10:54:20.963-04:00,2024-09-12T10:54:20.967-04:00,[],{}
400039,1,0001170,2168.0,2024-10-03T00:00:00-04:00,True,,,2024-10-03T11:33:57.557-04:00,2024-10-03T11:33:57.557-04:00,[],{}
400040,1,0009973,3541.25,2024-09-11T00:00:00-04:00,True,,,2024-09-11T09:30:42.667-04:00,2024-09-11T09:30:42.67-04:00,[],{}
400041,1,0010025,749.52,2024-10-16T00:00:00-04:00,True,2024-10-18T16:23:14-04:00,,2024-10-16T11:06:52.333-04:00,2024-10-16T11:06:52.337-04:00,[],{}
400042,1,0009946,1995.2,2024-09-24T00:00:00-04:00,True,,,2024-09-24T12:36:51.307-04:00,2024-09-24T12:36:51.307-04:00,[],{}
400043,1,0010093,273.45,2024-09-16T00:00:00-04:00,True,,,2024-09-16T10:51:14.45-04:00,2024-09-16T10:51:14.453-04:00,[],{}
400045,1,0001521,15624.0,2024-09-26T00:00:00-04:00,True,,,2024-09-26T15:13:11.573-04:00,2024-09-26T15:13:11.573-04:00,[],{}
400046,1,0010140,0.0,2024-09-10T00:00:00-04:00,True,,,2024-09-10T13:15:33.81-04:00,2024-09-10T13:15:33.813-04:00,[],{}
400047,1,0004541,3103.36,2024-09-11T00:00:00-04:00,True,,,2024-09-11T15:42:45.017-04:00,2024-09-11T15:42:45.017-04:00,[],{}
400048,1,0004012,4920.0,2024-12-23T00:00:00-05:00,True,2024-12-23T14:11:14-05:00,,2024-12-23T09:17:08.573-05:00,2024-12-23T09:17:08.59-05:00,[],{}
400049,1,0010143,0.0,2024-10-23T00:00:00-04:00,True,,,2024-10-23T12:20:17.61-04:00,2024-10-23T12:20:17.61-04:00,[],{}
400050,1,0010025,2299.13,2024-10-03T00:00:00-04:00,True,,,2024-10-03T11:40:48.793-04:00,2024-10-03T11:40:48.793-04:00,[],{}
400051,1,0004916,279.27,2024-09-16T00:00:00-04:00,True,,,2024-09-16T10:17:21.497-04:00,2024-09-16T10:17:21.497-04:00,[],{}
400052,1,0010103,383.98,2024-09-17T00:00:00-04:00,True,,,2024-09-17T09:17:34.697-04:00,2024-09-17T09:17:34.697-04:00,[],{}
400053,1,0004720,33848.0,2024-09-23T00:00:00-04:00,True,2024-09-25T15:54:36-04:00,,2024-09-23T09:18:21.563-04:00,2024-09-25T15:54:36.383-04:00,[],{}
400054,1,0009014,3610.88,2024-09-11T00:00:00-04:00,True,,,2024-09-11T13:19:24.687-04:00,2024-09-11T13:19:24.69-04:00,[],{}
400055,1,0004720,27940.0,2024-10-31T00:00:00-04:00,True,2024-11-08T13:56:09-05:00,,2024-10-31T14:58:37.85-04:00,2024-10-31T14:58:37.85-04:00,[],{}
400056,1,0004640,10800.0,2024-10-28T00:00:00-04:00,True,2024-10-31T11:26:28-04:00,,2024-10-28T11:30:57.78-04:00,2024-10-28T11:30:57.783-04:00,[],{}
400058,1,0004533,2970.0,2024-09-30T00:00:00-04:00,True,,,2024-10-02T09:29:43.577-04:00,2024-10-02T09:29:43.577-04:00,[],{}
400059,1,0003890,279.32,2024-09-24T00:00:00-04:00,True,2024-09-25T15:59:10-04:00,,2024-09-24T10:45:26.327-04:00,2024-09-25T15:59:10.4-04:00,[],{}
400060,1,0010025,1310.0,2024-10-03T00:00:00-04:00,True,,,2024-10-03T11:25:21.44-04:00,2024-10-03T11:25:21.44-04:00,[],{}
400061,1,0004640,10800.0,2024-10-31T00:00:00-04:00,True,2024-11-08T13:51:13-05:00,,2024-11-01T12:15:32.833-04:00,2024-11-01T12:15:32.833-04:00,[],{}
400061,2,0004640,54.0,2024-10-31T00:00:00-04:00,True,2024-11-08T13:51:13-05:00,,2024-11-01T12:18:11.217-04:00,2024-11-01T12:18:11.217-04:00,[],{}
400062,1,0009930,13227.6,2024-09-27T00:00:00-04:00,True,,,2024-09-27T16:12:45.153-04:00,2024-09-27T16:12:45.157-04:00,[],{}
400063,1,0009999,211.72,2024-09-16T00:00:00-04:00,True,2024-10-18T14:53:46-04:00,,2024-09-16T09:58:51.52-04:00,2024-09-16T09:58:51.52-04:00,[],{}
400064,1,0001507,1093.87,2024-09-18T00:00:00-04:00,True,2024-09-25T16:02:36-04:00,,2024-09-18T16:03:27.547-04:00,2024-09-25T16:02:36.623-04:00,[],{}
400065,1,0004927,5413.4,2024-09-26T00:00:00-04:00,True,,,2024-09-26T15:47:19.517-04:00,2024-09-26T15:47:19.517-04:00,[],{}
400066,1,0004732,405.0,2024-09-20T00:00:00-04:00,True,2024-09-23T17:14:44-04:00,,2024-09-20T11:02:03.467-04:00,2024-09-23T17:14:44.863-04:00,[],{}
400067,1,0009907,820.0,2024-10-03T00:00:00-04:00,True,,,2024-10-03T11:37:34.957-04:00,2024-10-03T11:37:34.957-04:00,[],{}
420000,1,0001060,3476.0,2024-09-20T00:00:00-04:00,True,2024-10-18T16:19:22-04:00,,2024-09-20T17:07:36.1-04:00,2024-09-20T17:07:36.1-04:00,[],{}
420000,2,0001060,1303.5,2024-10-11T00:00:00-04:00,True,2024-10-18T16:18:32-04:00,,2024-10-11T12:52:04.4-04:00,2024-10-11T12:52:04.403-04:00,[],{}
420001,1,0004640,800.0,2024-09-25T00:00:00-04:00,True,,,2024-09-25T10:39:10.873-04:00,2024-09-25T10:39:10.877-04:00,[],{}
420002,1,0004541,5800.0,2024-09-18T00:00:00-04:00,True,2024-09-19T10:54:07-04:00,,2024-09-18T13:14:36.06-04:00,2024-09-19T10:54:07.053-04:00,[],{}
420003,1,0004079,1898.8,2024-09-24T00:00:00-04:00,True,,,2024-09-24T16:50:51.587-04:00,2024-09-24T16:50:51.587-04:00,[],{}
420004,1,0004036,912.9,2024-09-24T00:00:00-04:00,True,2024-09-25T15:54:01-04:00,,2024-09-24T17:04:36.063-04:00,2024-09-25T15:54:01.143-04:00,[],{}
420005,1,0009999,136.32,2024-09-18T00:00:00-04:00,True,2024-10-18T14:50:58-04:00,,2024-09-18T12:52:47.267-04:00,2024-09-18T12:52:47.27-04:00,[],{}
420007,1,0002150,9539.0,2024-09-17T00:00:00-04:00,True,2024-10-23T17:38:47-04:00,,2024-09-17T17:29:52.09-04:00,2024-09-17T17:29:52.093-04:00,[],{}
420008,1,0002250,2192.36,2024-09-18T00:00:00-04:00,True,2024-09-19T10:47:11-04:00,,2024-09-18T16:41:05.237-04:00,2024-09-19T10:47:11.933-04:00,[],{}
420009,1,0003102,17488.32,2024-09-17T00:00:00-04:00,True,2024-09-19T10:53:10-04:00,,2024-09-17T17:42:13.173-04:00,2024-09-19T10:53:10.34-04:00,[],{}
420009,2,0003102,16173.18,2024-09-26T00:00:00-04:00,True,,,2024-09-26T10:04:48.83-04:00,2024-09-26T10:04:48.833-04:00,[],{}
420010,1,0001570,918.0,2024-09-17T00:00:00-04:00,True,2024-09-19T10:44:56-04:00,,2024-09-17T17:24:24.287-04:00,2024-09-19T10:44:56.233-04:00,[],{}
420011,1,0003102,4608.0,2024-09-23T00:00:00-04:00,True,,,2024-09-23T11:10:27.933-04:00,2024-09-23T11:10:27.933-04:00,[],{}
420012,1,0004640,3270.0,2024-09-17T00:00:00-04:00,True,2024-09-19T10:45:27-04:00,,2024-09-17T17:22:44.773-04:00,2024-09-19T10:45:27.157-04:00,[],{}
420013,1,0004066,1320.5,2024-09-17T00:00:00-04:00,True,2024-09-19T10:44:16-04:00,,2024-09-17T17:16:42.397-04:00,2024-09-19T10:44:16.333-04:00,[],{}
420014,1,0004066,1442.5,2024-09-17T00:00:00-04:00,True,2024-09-19T10:46:22-04:00,,2024-09-17T17:00:33.843-04:00,2024-09-19T10:46:22.62-04:00,[],{}
420015,1,0001520,2897.0,2024-09-18T00:00:00-04:00,True,2024-09-19T10:51:24-04:00,,2024-09-18T16:24:43.377-04:00,2024-09-19T10:51:24.123-04:00,[],{}
420016,1,0004012,44256.94,2024-09-18T00:00:00-04:00,True,2024-09-19T10:52:09-04:00,,2024-09-18T16:25:42.203-04:00,2024-09-19T10:52:10.01-04:00,[],{}
420017,1,0001586,355.0,2024-10-07T00:00:00-04:00,True,,,2024-10-07T10:15:44.67-04:00,2024-10-07T10:15:44.673-04:00,[],{}
420018,1,0002130,500.0,2024-09-26T00:00:00-04:00,True,,,2024-09-26T09:57:29.22-04:00,2024-09-26T09:57:29.223-04:00,[],{}
420019,1,0004360,154.71,2024-09-20T00:00:00-04:00,True,2024-09-23T17:13:51-04:00,,2024-09-20T11:03:54.687-04:00,2024-09-23T17:13:51.75-04:00,[],{}
420020,1,0004533,408.0,2024-09-18T00:00:00-04:00,True,2024-09-25T15:56:24-04:00,,2024-09-18T13:31:11.92-04:00,2024-09-25T15:56:24.543-04:00,[],{}
420021,1,0001573,882.99,2024-09-26T00:00:00-04:00,True,,,2024-09-26T09:56:39.32-04:00,2024-09-26T09:56:39.32-04:00,[],{}
420022,1,0009973,5681.86,2024-09-24T00:00:00-04:00,True,2024-09-25T15:57:06-04:00,,2024-09-24T11:18:44.48-04:00,2024-09-25T15:57:06.817-04:00,[],{}
420023,1,0004541,1484.14,2024-09-19T00:00:00-04:00,True,2024-09-23T17:13:07-04:00,,2024-09-19T16:44:03.663-04:00,2024-09-23T17:13:07.877-04:00,[],{}
420024,1,0009956,1940.0,2024-09-24T00:00:00-04:00,True,2024-09-25T15:55:19-04:00,,2024-09-24T16:13:12.92-04:00,2024-09-25T15:55:19.543-04:00,[],{}
420025,1,0004533,1230.0,2024-10-23T00:00:00-04:00,True,2024-10-23T17:34:28-04:00,,2024-10-23T12:05:10.107-04:00,2024-10-23T12:05:10.107-04:00,[],{}
420027,1,0009919,1309.35,2024-09-24T00:00:00-04:00,True,2024-09-25T15:55:55-04:00,,2024-09-24T11:07:04.97-04:00,2024-09-25T15:55:55.367-04:00,[],{}
420028,1,0010073,1180.3,2024-10-07T00:00:00-04:00,True,2024-10-31T16:00:05-04:00,,2024-10-07T12:41:26.97-04:00,2024-10-07T12:41:26.97-04:00,[],{}
420029,1,10144,171.71,2024-09-26T00:00:00-04:00,True,2024-10-18T15:02:03-04:00,,2024-09-26T10:00:47.04-04:00,2024-09-26T10:00:47.043-04:00,[],{}
420030,1,0010025,969.51,2024-10-03T00:00:00-04:00,True,,,2024-10-03T12:10:44.403-04:00,2024-10-03T12:10:44.407-04:00,[],{}
420030,2,0010025,714.51,2024-10-03T00:00:00-04:00,True,,,2024-10-03T12:13:05.893-04:00,2024-10-03T12:13:05.893-04:00,[],{}
420031,1,0009999,42.92,2024-09-26T00:00:00-04:00,True,2024-10-18T14:55:35-04:00,,2024-09-26T10:01:45.883-04:00,2024-09-26T10:01:45.883-04:00,[],{}
420032,1,0004440,10749.56,2024-10-30T00:00:00-04:00,True,2024-10-31T11:24:14-04:00,,2024-10-30T11:21:18.683-04:00,2024-10-30T11:21:18.687-04:00,[],{}
420033,1,0009916,252.44,2024-10-10T00:00:00-04:00,True,2024-10-31T15:59:00-04:00,,2024-10-10T16:36:33.807-04:00,2024-10-10T16:36:33.807-04:00,[],{}
420034,1,0010025,1344.23,2024-10-03T00:00:00-04:00,True,,,2024-10-03T11:28:27.51-04:00,2024-10-03T11:28:27.513-04:00,[],{}
420035,1,0003670,6012.5,2024-10-08T00:00:00-04:00,True,,,2024-10-08T09:58:15.457-04:00,2024-10-08T09:58:15.46-04:00,[],{}
420036,1,0001060,1840.2,2024-10-07T00:00:00-04:00,True,,,2024-10-07T09:51:59.85-04:00,2024-10-07T09:51:59.85-04:00,[],{}
420037,1,0010118,1320.8,2024-10-31T00:00:00-04:00,True,2024-11-08T13:49:06-05:00,,2024-10-31T14:55:39.877-04:00,2024-10-31T14:55:39.877-04:00,[],{}
420038,1,0009052,442.58,2024-10-17T00:00:00-04:00,True,2024-10-18T16:27:58-04:00,,2024-10-17T09:21:49.517-04:00,2024-10-17T09:21:49.52-04:00,[],{}
420039,1,0010049,571.32,2024-09-30T00:00:00-04:00,True,2024-10-31T16:02:14-04:00,,2024-10-01T17:29:23.813-04:00,2024-10-01T17:29:23.817-04:00,[],{}
420040,1,0001573,964.04,2024-09-30T00:00:00-04:00,True,,,2024-10-01T17:31:14.687-04:00,2024-10-01T17:31:14.687-04:00,[],{}
420041,1,0009946,1995.2,2024-10-16T00:00:00-04:00,True,2024-10-31T15:57:24-04:00,,2024-10-16T13:23:11.52-04:00,2024-10-16T13:23:11.52-04:00,[],{}
420042,1,0004640,1620.14,2024-12-12T00:00:00-05:00,True,2024-12-17T14:08:59-05:00,,2024-12-12T12:17:46.16-05:00,2024-12-12T12:17:46.163-05:00,[],{}
420043,1,0009925,784.0,2024-09-27T00:00:00-04:00,True,,,2024-09-27T17:26:31.28-04:00,2024-09-27T17:26:31.28-04:00,[],{}
420044,1,0010033,0.0,2024-09-30T00:00:00-04:00,True,,,2024-09-30T15:56:38.967-04:00,2024-09-30T15:56:38.967-04:00,[],{}
420045,1,0003890,186.8,2024-10-08T00:00:00-04:00,True,,,2024-10-08T09:47:44.687-04:00,2024-10-08T09:47:44.69-04:00,[],{}
420047,1,0010025,433.47,2024-10-16T00:00:00-04:00,True,2024-10-18T16:23:48-04:00,,2024-10-16T11:20:47.087-04:00,2024-10-16T11:20:47.087-04:00,[],{}
420049,1,0003890,210.55,2024-10-03T00:00:00-04:00,True,2024-11-15T14:48:56-05:00,,2024-10-03T17:16:48.65-04:00,2024-10-03T17:16:48.653-04:00,[],{}
420050,1,0003670,3415.0,2024-10-11T00:00:00-04:00,True,2024-11-27T14:41:32-05:00,,2024-10-11T11:10:15.91-04:00,2024-10-11T11:10:15.91-04:00,[],{}
420051,1,0004036,2480.75,2024-10-10T00:00:00-04:00,True,2024-10-16T11:22:31-04:00,,2024-10-10T10:42:12.783-04:00,2024-10-10T10:42:12.783-04:00,[],{}
420052,1,0010025,481.99,2024-10-15T00:00:00-04:00,True,2024-10-18T16:22:43-04:00,,2024-10-15T15:18:55.893-04:00,2024-10-15T15:18:55.897-04:00,[],{}
420053,1,0004541,2610.1,2024-10-17T00:00:00-04:00,True,2024-10-18T16:31:31-04:00,,2024-10-17T09:28:15.55-04:00,2024-10-17T09:28:15.553-04:00,[],{}
420054,1,0002140,2179.12,2024-10-17T00:00:00-04:00,True,2024-10-18T16:26:15-04:00,,2024-10-17T09:29:27.107-04:00,2024-10-17T09:29:27.107-04:00,[],{}
420055,1,0009923,1825.0,2024-10-17T00:00:00-04:00,True,2024-10-18T16:32:05-04:00,,2024-10-17T09:31:36.55-04:00,2024-10-17T09:31:36.55-04:00,[],{}
420056,1,0009052,442.58,2024-10-29T00:00:00-04:00,True,2024-11-27T14:53:44-05:00,,2024-10-29T17:02:39.207-04:00,2024-10-29T17:02:39.207-04:00,[],{}
420057,1,0004020,1379.95,2024-10-15T00:00:00-04:00,True,2024-10-18T16:20:08-04:00,,2024-10-15T10:27:02.763-04:00,2024-10-15T10:27:02.763-04:00,[],{}
420058,1,0004533,503.12,2024-10-25T00:00:00-04:00,True,2024-10-29T16:46:52-04:00,,2024-10-25T15:03:34.353-04:00,2024-10-25T15:03:34.353-04:00,[],{}
420059,1,0004509,12675.36,2024-11-08T00:00:00-05:00,True,2024-11-15T14:50:37-05:00,,2024-11-08T15:34:10.87-05:00,2024-11-08T15:34:10.87-05:00,[],{}
420060,1,0004533,1221.39,2024-11-05T00:00:00-05:00,True,2024-11-15T14:51:08-05:00,,2024-11-05T10:52:49.447-05:00,2024-11-05T10:52:49.447-05:00,[],{}
420061,1,0010112,249.35,2024-10-10T00:00:00-04:00,True,2024-11-20T14:44:42-05:00,,2024-10-10T16:38:52.123-04:00,2024-10-10T16:38:52.127-04:00,[],{}
420062,1,0009937,697.0,2024-10-10T00:00:00-04:00,True,2024-10-16T11:20:45-04:00,,2024-10-10T16:35:40.787-04:00,2024-10-10T16:35:40.787-04:00,[],{}
420063,1,0009919,1071.55,2024-10-25T00:00:00-04:00,True,2024-10-29T16:39:29-04:00,,2024-10-25T13:24:41.82-04:00,2024-10-25T13:24:41.823-04:00,[],{}
420065,1,0010049,951.26,2024-11-20T00:00:00-05:00,True,2024-12-09T13:34:02-05:00,,2024-11-20T10:50:58.56-05:00,2024-11-20T10:50:58.56-05:00,[],{}
420066,1,0004622,10268.0,2024-10-31T00:00:00-04:00,True,2024-11-08T13:54:45-05:00,,2024-10-31T09:28:23.61-04:00,2024-10-31T09:28:23.613-04:00,[],{}
420067,1,0009916,336.76,2024-10-17T00:00:00-04:00,True,2024-10-31T15:58:28-04:00,,2024-10-17T09:22:45.493-04:00,2024-10-17T09:22:45.497-04:00,[],{}
420068,1,0004541,2340.0,2024-10-10T00:00:00-04:00,True,2024-10-16T11:20:10-04:00,,2024-10-10T16:39:53.347-04:00,2024-10-10T16:39:53.347-04:00,[],{}
420069,1,0004822,1666.96,2024-10-23T00:00:00-04:00,True,2024-10-23T17:31:13-04:00,,2024-10-23T13:08:44.433-04:00,2024-10-23T13:08:44.433-04:00,[],{}
420070,1,0001570,1468.8,2024-10-21T00:00:00-04:00,True,2024-10-23T17:38:14-04:00,,2024-10-21T12:45:39.003-04:00,2024-10-21T12:45:39.003-04:00,[],{}
420070,2,0001570,293.76,2024-10-21T00:00:00-04:00,True,2024-10-23T17:38:14-04:00,,2024-10-21T12:46:51.24-04:00,2024-10-21T12:46:51.24-04:00,[],{}
420071,1,0001060,3116.33,2024-10-18T00:00:00-04:00,True,2024-10-23T17:36:46-04:00,,2024-10-18T09:54:21.907-04:00,2024-10-18T09:54:21.907-04:00,[],{}
420072,1,0004481,15231.88,2024-12-19T00:00:00-05:00,True,2025-02-28T16:32:08-05:00,,2024-12-19T17:43:55.597-05:00,2024-12-19T17:43:55.597-05:00,[],{}
420073,1,0009999,341.95,2024-10-25T00:00:00-04:00,True,2024-10-31T16:03:38-04:00,,2024-10-25T17:56:05.037-04:00,2024-10-25T17:56:05.04-04:00,[],{}
420074,1,0001573,734.76,2024-10-25T00:00:00-04:00,True,2024-11-01T15:20:18-04:00,,2024-10-25T17:53:19.2-04:00,2024-10-25T17:53:19.2-04:00,[],{}
420075,1,0009062,2457.01,2024-10-25T00:00:00-04:00,True,2024-11-27T14:52:52-05:00,,2024-10-25T17:54:42.14-04:00,2024-10-25T17:54:42.14-04:00,[],{}
420076,1,0010093,154.14,2024-10-17T00:00:00-04:00,True,2024-10-18T16:28:57-04:00,,2024-10-17T09:25:22.243-04:00,2024-10-17T09:25:22.247-04:00,[],{}
420078,1,0004066,1361.0,2024-10-18T00:00:00-04:00,True,2024-10-23T17:37:32-04:00,,2024-10-18T15:47:23.267-04:00,2024-10-18T15:47:23.267-04:00,[],{}
420079,1,0001533,2708.0,2024-10-18T00:00:00-04:00,True,2024-10-23T17:35:50-04:00,,2024-10-18T10:21:16.53-04:00,2024-10-18T10:21:16.533-04:00,[],{}
420080,1,0004398,3593.5,2024-10-24T00:00:00-04:00,True,2024-10-29T16:38:55-04:00,,2024-10-24T12:56:48.123-04:00,2024-10-24T12:56:48.123-04:00,[],{}
420081,1,0004533,1435.0,2024-10-14T00:00:00-04:00,True,2024-10-16T11:18:55-04:00,,2024-10-14T12:25:08.693-04:00,2024-10-14T12:25:08.693-04:00,[],{}
420082,1,0009014,4011.1,2024-10-14T00:00:00-04:00,True,2024-10-16T11:17:54-04:00,,2024-10-14T12:26:45.94-04:00,2024-10-14T12:26:45.94-04:00,[],{}
420083,1,0004541,2898.59,2024-10-17T00:00:00-04:00,True,2024-10-18T16:30:34-04:00,,2024-10-17T09:23:52.71-04:00,2024-10-17T09:23:52.71-04:00,[],{}
420084,1,0004533,334.08,2024-10-15T00:00:00-04:00,True,2024-10-18T16:22:03-04:00,,2024-10-15T17:38:27.563-04:00,2024-10-15T17:38:27.563-04:00,[],{}
420084,2,0004533,13800.0,2024-10-15T00:00:00-04:00,True,2024-10-18T16:22:03-04:00,,2024-10-15T17:40:15.767-04:00,2024-10-15T17:40:15.767-04:00,[],{}
420084,3,0004533,4132.8,2024-10-15T00:00:00-04:00,True,2024-10-18T16:22:03-04:00,,2024-10-15T17:42:24.917-04:00,2024-10-15T17:42:24.917-04:00,[],{}
420085,1,0004066,1539.5,2024-10-24T00:00:00-04:00,True,2024-10-31T11:27:33-04:00,,2024-10-24T17:54:08.987-04:00,2024-10-24T17:54:08.987-04:00,[],{}
420085,2,0004066,997.7,2024-10-24T00:00:00-04:00,True,2024-11-27T14:37:31-05:00,,2024-10-24T17:55:27.58-04:00,2024-10-24T17:55:27.583-04:00,[],{}
420086,1,0001534,42.12,2024-10-17T00:00:00-04:00,True,2024-10-18T16:26:51-04:00,,2024-10-17T09:30:51-04:00,2024-10-17T09:30:51.003-04:00,[],{}
420087,1,0010121,6640.0,2024-11-13T00:00:00-05:00,True,2024-11-15T14:46:21-05:00,,2024-11-13T11:13:18.997-05:00,2024-11-13T11:13:18.997-05:00,[],{}
420088,1,0001539,181.14,2024-10-31T00:00:00-04:00,True,,,2024-10-31T15:02:09.787-04:00,2024-10-31T15:02:09.79-04:00,[],{}
420088,2,0001539,90570.7,2024-11-29T00:00:00-05:00,True,2024-12-09T13:38:47-05:00,,2024-12-02T11:07:22.563-05:00,2024-12-02T11:07:22.567-05:00,[],{}
420089,1,0002250,27435.0,2024-10-16T00:00:00-04:00,True,2024-10-18T16:24:38-04:00,,2024-10-16T15:08:02.723-04:00,2024-10-16T15:08:02.727-04:00,[],{}
420090,1,0010037,1875.0,2024-10-28T00:00:00-04:00,True,2024-10-31T11:28:06-04:00,,2024-10-28T17:51:31.797-04:00,2024-10-28T17:51:31.8-04:00,[],{}
420091,1,0009907,23250.0,2024-12-11T00:00:00-05:00,True,2024-12-12T16:44:09-05:00,,2024-12-11T10:00:15.03-05:00,2024-12-11T10:00:15.033-05:00,[],{}
420092,1,0004440,3420.0,2024-11-11T00:00:00-05:00,True,2024-11-15T14:50:06-05:00,,2024-11-11T10:41:35.793-05:00,2024-11-11T10:41:35.793-05:00,[],{}
420093,1,0003252,340.83,2024-10-17T00:00:00-04:00,True,2024-10-31T15:56:27-04:00,,2024-10-17T13:10:54.33-04:00,2024-10-17T13:10:54.33-04:00,[],{}
420094,1,0004066,921.6,2024-10-23T00:00:00-04:00,True,2024-10-23T17:33:51-04:00,,2024-10-23T12:34:54.75-04:00,2024-10-23T12:34:54.753-04:00,[],{}
420095,1,0002140,1105.61,2024-11-08T00:00:00-05:00,True,2024-11-15T14:53:10-05:00,,2024-11-08T15:32:31.13-05:00,2024-11-08T15:32:31.133-05:00,[],{}
420096,1,0001533,1384.89,2024-10-30T00:00:00-04:00,True,2024-10-31T11:25:47-04:00,,2024-10-30T13:04:06.96-04:00,2024-10-30T13:04:06.963-04:00,[],{}
420097,1,0009999,257.64,2024-10-25T00:00:00-04:00,True,2024-10-31T16:02:59-04:00,,2024-10-25T17:52:33.517-04:00,2024-10-25T17:52:33.52-04:00,[],{}
420098,1,0001539,1044.0,2024-11-21T00:00:00-05:00,True,2024-11-27T14:42:09-05:00,,2024-11-21T12:44:14.913-05:00,2024-11-21T12:44:14.913-05:00,[],{}
420099,1,0010079,9905.0,2024-12-18T00:00:00-05:00,True,2025-01-06T09:38:42-05:00,,2024-12-18T13:13:07.637-05:00,2024-12-18T13:13:07.64-05:00,[],{}
420100,1,0009999,339.3,2024-11-05T00:00:00-05:00,True,2024-12-09T13:31:35-05:00,,2024-11-05T17:30:24.64-05:00,2024-11-05T17:30:24.64-05:00,[],{}
420101,2,0010025,1410.0,2024-12-23T00:00:00-05:00,True,2025-02-13T11:26:06-05:00,,2024-12-23T09:42:09.34-05:00,2024-12-23T09:42:09.34-05:00,[],{}
420101,3,0010025,780.77,2024-12-23T00:00:00-05:00,True,2025-02-13T11:26:06-05:00,,2024-12-23T09:52:18.707-05:00,2024-12-23T09:52:18.707-05:00,[],{}
420101,4,0010025,900.0,2024-12-23T00:00:00-05:00,True,2025-02-13T11:26:42-05:00,,2024-12-23T09:53:27.713-05:00,2024-12-23T09:53:27.713-05:00,[],{}
420102,1,0009999,21.15,2024-10-25T00:00:00-04:00,True,2024-10-31T16:04:06-04:00,,2024-10-25T17:57:01.407-04:00,2024-10-25T17:57:01.407-04:00,[],{}
420104,1,0001570,1263.0,2024-11-11T00:00:00-05:00,True,2024-11-15T14:47:15-05:00,,2024-11-11T10:31:36.733-05:00,2024-11-11T10:31:36.737-05:00,[],{}
420105,1,0003680,786.44,2024-10-31T00:00:00-04:00,True,2024-11-15T14:45:13-05:00,,2024-10-31T09:29:47.747-04:00,2024-10-31T09:29:47.75-04:00,[],{}
420106,1,0001573,395.13,2024-10-31T00:00:00-04:00,True,2024-11-08T13:52:23-05:00,,2024-10-31T09:25:34.657-04:00,2024-10-31T09:25:34.657-04:00,[],{}
420107,1,0009936,2038.96,2024-10-31T00:00:00-04:00,True,2025-02-20T10:31:45-05:00,,2024-11-01T15:20:14.007-04:00,2024-11-01T15:20:14.01-04:00,[],{}
420108,1,0003890,158.95,2024-10-28T00:00:00-04:00,True,2024-11-15T14:49:36-05:00,,2024-10-28T17:50:19.39-04:00,2024-10-28T17:50:19.39-04:00,[],{}
420109,1,0004541,583.0,2024-10-31T00:00:00-04:00,True,2024-11-08T13:52:59-05:00,,2024-10-31T16:30:27.98-04:00,2024-10-31T16:30:27.98-04:00,[],{}
420110,1,0004735,167.79,2024-10-31T00:00:00-04:00,True,2024-11-08T13:54:09-05:00,,2024-10-31T16:31:19.7-04:00,2024-10-31T16:31:19.703-04:00,[],{}
420111,1,0010025,8100.0,2025-01-28T00:00:00-05:00,True,2025-03-13T10:11:23-04:00,,2025-01-28T17:01:37.073-05:00,2025-01-28T17:01:37.073-05:00,[],{}
420112,1,0010025,8672.16,2025-01-09T00:00:00-05:00,True,2025-01-13T15:28:34-05:00,,2025-01-09T09:56:10.447-05:00,2025-01-09T09:56:10.447-05:00,[],{}
420113,1,0001570,21041.0,2024-11-08T00:00:00-05:00,True,2024-11-15T14:47:43-05:00,,2024-11-08T09:31:07.3-05:00,2024-11-08T09:31:07.3-05:00,[],{}
420114,1,0010083,10434.0,2024-12-03T00:00:00-05:00,True,2024-12-09T13:34:32-05:00,,2024-12-03T12:25:01.86-05:00,2024-12-03T12:25:01.863-05:00,[],{}
420114,2,0010083,52.17,2024-12-03T00:00:00-05:00,True,,,2024-12-03T12:30:42.29-05:00,2024-12-03T12:30:42.29-05:00,[],{}
420115,1,0002250,3328.9,2024-11-25T00:00:00-05:00,True,2024-12-09T13:35:42-05:00,,2024-11-25T11:14:46.223-05:00,2024-11-25T11:14:46.227-05:00,[],{}
420116,1,0002140,1004.16,2024-11-15T00:00:00-05:00,True,2024-11-20T14:41:59-05:00,,2024-11-15T17:28:44.58-05:00,2024-11-15T17:28:44.583-05:00,[],{}
420117,1,0010119,66.37,2024-11-04T00:00:00-05:00,True,2024-12-09T13:33:08-05:00,,2024-11-04T12:46:33.623-05:00,2024-11-04T12:46:33.623-05:00,[],{}
420118,1,0004360,141.32,2024-10-31T00:00:00-04:00,True,2024-11-08T13:53:33-05:00,,2024-10-31T09:26:52.253-04:00,2024-10-31T09:26:52.257-04:00,[],{}
420119,1,0009954,2500.0,2024-11-19T00:00:00-05:00,True,2024-11-27T14:41:09-05:00,,2024-11-19T14:31:18.307-05:00,2024-11-19T14:31:18.307-05:00,[],{}
420120,1,0004541,316.59,2024-11-05T00:00:00-05:00,True,2024-11-08T13:49:52-05:00,,2024-11-05T17:29:36.897-05:00,2024-11-05T17:29:36.9-05:00,[],{}
420121,1,0010023,2568.0,2024-11-18T00:00:00-05:00,True,2025-01-13T15:31:53-05:00,,2024-11-18T10:51:08.56-05:00,2024-11-18T10:51:08.563-05:00,[],{}
420122,1,0010025,1517.83,2025-01-09T00:00:00-05:00,True,2025-01-13T15:29:05-05:00,,2025-01-09T09:52:12.773-05:00,2025-01-09T09:52:12.773-05:00,[],{}
420123,1,0009907,2500.0,2024-12-11T00:00:00-05:00,True,2024-12-12T16:44:33-05:00,,2024-12-11T09:55:05.66-05:00,2024-12-11T09:55:05.66-05:00,[],{}
420124,1,0004640,1530.0,2024-11-15T00:00:00-05:00,True,2024-11-15T14:43:04-05:00,,2024-11-15T09:47:53.42-05:00,2024-11-15T09:47:53.42-05:00,[],{}
420125,1,0010118,950.0,2024-11-25T00:00:00-05:00,True,2025-02-28T16:32:30-05:00,,2024-11-25T09:39:00.31-05:00,2024-11-25T09:39:00.31-05:00,[],{}
420126,1,0004212,102.6,2024-12-12T00:00:00-05:00,True,2024-12-12T16:45:29-05:00,,2024-12-12T11:43:55.25-05:00,2024-12-12T11:43:55.25-05:00,[],{}
420127,1,0002140,260.8,2024-11-15T00:00:00-05:00,True,2024-11-20T14:42:45-05:00,,2024-11-15T09:58:06.947-05:00,2024-11-15T09:58:06.947-05:00,[],{}
420128,1,0004640,575.0,2024-11-15T00:00:00-05:00,True,2024-11-15T14:42:14-05:00,,2024-11-15T09:38:34.257-05:00,2024-11-15T09:38:34.26-05:00,[],{}
420129,1,0004079,1719.0,2024-11-18T00:00:00-05:00,True,,,2024-11-18T10:36:35.973-05:00,2024-11-18T10:36:35.977-05:00,[],{}
420130,1,0001060,206.98,2024-11-20T00:00:00-05:00,True,2024-11-27T14:40:33-05:00,,2024-11-20T09:25:41.287-05:00,2024-11-20T09:25:41.29-05:00,[],{}
420131,1,0009999,270.38,2024-11-11T00:00:00-05:00,True,2024-12-09T13:29:32-05:00,,2024-11-11T12:44:19.643-05:00,2024-11-11T12:44:19.643-05:00,[],{}
420132,1,0003850,1760.0,2024-12-04T00:00:00-05:00,True,2024-12-09T13:43:48-05:00,,2024-12-04T10:23:19.353-05:00,2024-12-04T10:23:19.357-05:00,[],{}
420132,2,0003850,440.0,2024-12-04T00:00:00-05:00,True,2024-12-09T13:43:48-05:00,,2024-12-04T10:24:31.15-05:00,2024-12-04T10:24:31.153-05:00,[],{}
420133,1,0009014,4440.0,2024-11-25T00:00:00-05:00,True,2024-11-27T14:42:35-05:00,,2024-11-25T09:52:53.263-05:00,2024-11-25T09:52:53.267-05:00,[],{}
420134,1,0010083,15703.17,2024-12-13T00:00:00-05:00,True,2024-12-17T14:06:40-05:00,,2024-12-13T17:42:17.927-05:00,2024-12-13T17:42:17.927-05:00,[],{}
420135,1,0010083,29585.6,2025-03-13T00:00:00-04:00,True,,,2025-03-13T16:49:28.807-04:00,2025-03-13T16:49:28.807-04:00,[],{}
420135,2,0010083,29585.6,2025-03-13T00:00:00-04:00,True,,,2025-03-13T16:51:29.15-04:00,2025-03-13T16:51:29.15-04:00,[],{}
420135,3,0010083,29585.6,2025-03-13T00:00:00-04:00,True,,,2025-03-13T16:54:57.803-04:00,2025-03-13T16:54:57.803-04:00,[],{}
420135,4,0010083,29585.6,2025-03-13T00:00:00-04:00,True,,,2025-03-13T16:57:49.973-04:00,2025-03-13T16:57:49.973-04:00,[],{}
420135,5,0010083,29585.6,2025-03-13T00:00:00-04:00,True,,,2025-03-13T17:00:11.64-04:00,2025-03-13T17:00:11.64-04:00,[],{}
420135,6,0010083,26896.0,2025-03-13T00:00:00-04:00,True,,,2025-03-13T17:04:50.14-04:00,2025-03-13T17:04:50.14-04:00,[],{}
420135,7,0010083,26896.0,2025-03-13T00:00:00-04:00,True,,,2025-03-13T17:06:26.177-04:00,2025-03-13T17:06:26.177-04:00,[],{}
420135,8,0010083,26896.0,2025-03-13T00:00:00-04:00,True,,,2025-03-13T17:07:45.163-04:00,2025-03-13T17:07:45.163-04:00,[],{}
420135,9,0010083,26896.0,2025-03-13T00:00:00-04:00,True,,,2025-03-13T17:09:07.543-04:00,2025-03-13T17:09:07.543-04:00,[],{}
420135,10,0010083,29585.6,2025-03-13T00:00:00-04:00,True,,,2025-03-13T17:12:56.037-04:00,2025-03-13T17:12:56.037-04:00,[],{}
420135,11,0010083,29585.6,2025-03-13T00:00:00-04:00,True,,,2025-03-13T17:14:39.417-04:00,2025-03-13T17:14:39.417-04:00,[],{}
420135,12,0010083,29585.6,2025-03-13T00:00:00-04:00,True,,,2025-03-13T17:17:50.103-04:00,2025-03-13T17:17:50.103-04:00,[],{}
420135,13,0010083,29585.6,2025-03-13T00:00:00-04:00,True,,,2025-03-13T17:18:59.467-04:00,2025-03-13T17:18:59.483-04:00,[],{}
420139,1,0009954,982.0,2024-11-26T00:00:00-05:00,True,2024-11-27T14:39:23-05:00,,2024-11-26T09:14:13.3-05:00,2024-11-26T09:14:13.303-05:00,[],{}
420140,1,0004079,1688.96,2024-11-21T00:00:00-05:00,True,2024-11-27T14:38:52-05:00,,2024-11-21T12:32:28.18-05:00,2024-11-21T12:32:28.183-05:00,[],{}
420141,1,0010112,58.13,2024-11-18T00:00:00-05:00,True,2024-11-20T14:44:01-05:00,,2024-11-18T11:48:21.133-05:00,2024-11-18T11:48:21.133-05:00,[],{}
420142,1,0004533,1690.0,2024-11-27T00:00:00-05:00,True,2024-12-09T13:36:43-05:00,,2024-11-27T16:59:05.147-05:00,2024-11-27T16:59:05.147-05:00,[],{}
420143,1,0001570,1817.0,2024-11-25T00:00:00-05:00,True,2024-11-27T14:43:00-05:00,,2024-11-25T09:24:10.237-05:00,2024-11-25T09:24:10.237-05:00,[],{}
420144,1,0002110,6130.0,2025-01-03T00:00:00-05:00,True,2025-01-13T15:10:07-05:00,,2025-01-03T16:03:06.46-05:00,2025-01-03T16:03:06.46-05:00,[],{}
420145,1,0002250,176.15,2024-11-15T00:00:00-05:00,True,2024-11-20T14:45:25-05:00,,2024-11-15T14:50:35.137-05:00,2024-11-15T14:50:35.137-05:00,[],{}
420146,1,0004533,4000.0,2024-12-03T00:00:00-05:00,True,2024-12-09T13:36:08-05:00,,2024-12-03T16:19:18.46-05:00,2024-12-03T16:19:18.463-05:00,[],{}
420147,1,0004440,3790.0,2024-11-26T00:00:00-05:00,True,2024-11-27T14:45:16-05:00,,2024-11-26T11:36:52.437-05:00,2024-11-26T11:36:52.437-05:00,[],{}
420148,1,10145,8175.0,2025-01-21T00:00:00-05:00,True,2025-01-28T17:04:04-05:00,,2025-01-21T15:16:12-05:00,2025-01-21T15:16:12-05:00,[],{}
420149,1,0009944,93.25,2024-12-03T00:00:00-05:00,True,2024-12-09T13:39:20-05:00,,2024-12-03T16:44:14.763-05:00,2024-12-03T16:44:14.767-05:00,[],{}
420150,1,0004640,4745.0,2024-11-27T00:00:00-05:00,True,2024-12-09T13:35:12-05:00,,2024-11-27T11:13:34.67-05:00,2024-11-27T11:13:34.673-05:00,[],{}
420151,1,0004006,7670.39,2024-12-19T00:00:00-05:00,True,2024-12-23T14:15:54-05:00,,2024-12-19T17:19:49.19-05:00,2024-12-19T17:19:49.19-05:00,[],{}
420152,1,0001024,6326.44,2024-11-20T00:00:00-05:00,True,2024-11-25T15:49:24-05:00,,2024-11-20T15:40:09.663-05:00,2024-11-20T15:40:09.667-05:00,[],{}
420153,1,0001524,10136.0,2024-12-20T00:00:00-05:00,True,2024-12-23T14:11:45-05:00,,2024-12-20T15:29:07.95-05:00,2024-12-20T15:29:07.95-05:00,[],{}
420155,1,0009999,105.84,2024-11-26T00:00:00-05:00,True,2024-12-09T13:32:02-05:00,,2024-11-26T14:56:53.993-05:00,2024-11-26T14:56:53.997-05:00,[],{}
420156,1,0009907,960.0,2024-12-12T00:00:00-05:00,True,2024-12-12T16:45:06-05:00,,2024-12-12T15:08:29.203-05:00,2024-12-12T15:08:29.207-05:00,[],{}
420157,1,0004720,1112.8,2024-12-11T00:00:00-05:00,True,2024-12-12T16:45:51-05:00,,2024-12-11T10:39:25.04-05:00,2024-12-11T10:39:25.043-05:00,[],{}
420158,1,0009925,1400.0,2025-01-02T00:00:00-05:00,True,,,2025-01-02T10:36:46.767-05:00,2025-01-02T10:36:46.767-05:00,[],{}
420159,1,0009062,7371.03,2024-11-25T00:00:00-05:00,True,2024-11-27T14:52:52-05:00,,2024-11-25T17:49:05.01-05:00,2024-11-25T17:49:05.01-05:00,[],{}
420160,1,0004640,4950.0,2025-01-30T00:00:00-05:00,True,2025-02-10T10:59:02-05:00,,2025-01-30T12:56:58.923-05:00,2025-01-30T12:56:58.923-05:00,[],{}
420161,1,0003144,425.4,2025-01-23T00:00:00-05:00,True,2025-01-31T11:58:16-05:00,,2025-01-23T15:06:49.87-05:00,2025-01-23T15:06:49.87-05:00,[],{}
420163,1,0004541,2627.02,2024-12-03T00:00:00-05:00,True,2024-12-09T13:37:31-05:00,,2024-12-03T16:41:41.483-05:00,2024-12-03T16:41:41.487-05:00,[],{}
420164,1,0003102,14876.16,2025-01-09T00:00:00-05:00,True,2025-01-13T15:21:28-05:00,,2025-01-09T13:20:32.583-05:00,2025-01-09T13:20:32.587-05:00,[],{}
420165,1,0004533,1850.0,2025-01-03T00:00:00-05:00,True,2025-01-13T15:09:26-05:00,,2025-01-03T13:24:51.23-05:00,2025-01-03T13:24:51.23-05:00,[],{}
420166,1,0001220,5010.0,2024-12-13T00:00:00-05:00,True,2024-12-17T14:07:05-05:00,,2024-12-13T11:09:39.553-05:00,2024-12-13T11:09:39.553-05:00,[],{}
420167,1,0002150,19550.0,2025-01-09T00:00:00-05:00,True,2025-01-17T16:03:02-05:00,,2025-01-09T10:12:48.223-05:00,2025-01-09T10:12:48.223-05:00,[],{}
420168,1,0004435,303.25,2024-12-04T00:00:00-05:00,True,,,2024-12-04T12:56:23.78-05:00,2024-12-04T12:56:23.78-05:00,[],{}
420170,1,0004541,940.5,2024-12-03T00:00:00-05:00,True,2024-12-09T13:38:13-05:00,,2024-12-03T16:43:27.327-05:00,2024-12-03T16:43:27.327-05:00,[],{}
420171,1,0003850,440.0,2025-01-03T00:00:00-05:00,True,2025-01-13T15:08:15-05:00,,2025-01-03T16:04:41.92-05:00,2025-01-03T16:04:41.92-05:00,[],{}
420172,1,0004479,246.66,2024-12-13T00:00:00-05:00,True,2025-01-06T09:39:27-05:00,,2024-12-13T16:04:26.517-05:00,2024-12-13T16:04:26.517-05:00,[],{}
420173,1,0001010,87.0,2024-12-11T00:00:00-05:00,True,2025-01-06T09:37:07-05:00,,2024-12-11T17:16:42.623-05:00,2024-12-11T17:16:42.623-05:00,[],{}
420174,1,0002150,19020.0,2025-01-24T00:00:00-05:00,True,2025-01-31T12:02:38-05:00,,2025-01-24T11:04:40.127-05:00,2025-01-24T11:04:40.127-05:00,[],{}
420175,1,0004640,1102.5,2024-12-13T00:00:00-05:00,True,2024-12-17T14:09:33-05:00,,2024-12-13T11:31:10.747-05:00,2024-12-13T11:31:10.747-05:00,[],{}
420175,2,0004640,527.5,2025-02-25T00:00:00-05:00,True,2025-03-07T11:50:37-05:00,,2025-02-25T09:27:57.523-05:00,2025-02-25T09:27:57.523-05:00,[],{}
420176,1,0001410,1024.0,2024-12-06T00:00:00-05:00,True,,,2024-12-06T15:46:53.327-05:00,2024-12-06T15:46:53.327-05:00,[],{}
420177,1,0009907,250.0,2025-01-21T00:00:00-05:00,True,2025-02-05T11:28:56-05:00,,2025-01-21T14:37:53.373-05:00,2025-01-21T14:37:53.373-05:00,[],{}
420178,1,0004640,3417.35,2024-12-18T00:00:00-05:00,True,2024-12-23T14:16:16-05:00,,2024-12-18T09:18:14.683-05:00,2024-12-18T09:18:14.69-05:00,[],{}
420179,1,0009038,880.0,2025-01-14T00:00:00-05:00,True,2025-01-17T16:00:12-05:00,,2025-01-14T09:21:20.227-05:00,2025-01-14T09:21:20.227-05:00,[],{}
420180,1,0004066,1333.0,2024-12-13T00:00:00-05:00,True,2024-12-17T14:07:51-05:00,,2024-12-13T15:37:26.16-05:00,2024-12-13T15:37:26.163-05:00,[],{}
420181,1,0004703,4460.26,2024-12-19T00:00:00-05:00,True,2025-01-06T09:40:16-05:00,,2024-12-19T11:24:23.317-05:00,2024-12-19T11:24:23.317-05:00,[],{}
420182,1,0001521,14558.0,2024-12-19T00:00:00-05:00,True,2024-12-23T14:15:04-05:00,,2024-12-19T10:00:09.777-05:00,2024-12-19T10:00:09.78-05:00,[],{}
420183,1,0002140,1599.0,2024-12-16T00:00:00-05:00,True,2024-12-23T14:17:35-05:00,,2024-12-16T15:58:27.14-05:00,2024-12-16T15:58:27.143-05:00,[],{}
420184,1,0001565,20142.9,2025-01-15T00:00:00-05:00,True,2025-01-17T16:04:39-05:00,,2025-01-15T14:45:51.89-05:00,2025-01-15T14:45:51.89-05:00,[],{}
420185,1,0004012,2126.8,2024-12-20T00:00:00-05:00,True,2024-12-23T14:15:30-05:00,,2024-12-20T12:17:45.52-05:00,2024-12-20T12:17:45.523-05:00,[],{}
420186,1,0010023,58960.0,2024-12-30T00:00:00-05:00,True,2025-03-07T12:17:35-05:00,,2025-01-03T09:15:52.22-05:00,2025-01-03T09:15:52.22-05:00,[],{}
420188,1,0004440,2210.55,2025-01-03T00:00:00-05:00,True,2025-01-13T15:06:37-05:00,,2025-01-03T10:25:53.4-05:00,2025-01-03T10:25:53.4-05:00,[],{}
420189,1,0004541,520.47,2024-12-16T00:00:00-05:00,True,2024-12-17T14:08:28-05:00,,2024-12-16T15:12:29.54-05:00,2024-12-16T15:12:29.54-05:00,[],{}
420190,1,0003182,1823.87,2025-01-06T00:00:00-05:00,True,2025-01-13T15:31:05-05:00,,2025-01-06T14:50:33.873-05:00,2025-01-06T14:50:33.873-05:00,[],{}
420191,1,0001586,167.35,2024-12-20T00:00:00-05:00,True,2024-12-23T14:14:45-05:00,,2024-12-20T16:57:46.173-05:00,2024-12-20T16:57:46.173-05:00,[],{}
420193,1,0004720,51373.5,2025-02-07T00:00:00-05:00,True,2025-02-19T12:12:26-05:00,,2025-02-07T17:41:19.533-05:00,2025-02-07T17:41:19.533-05:00,[],{}
420194,1,0004541,438.38,2024-12-19T00:00:00-05:00,True,2024-12-23T14:17:01-05:00,,2024-12-19T11:22:04.753-05:00,2024-12-19T11:22:04.757-05:00,[],{}
420195,1,0010083,6521.25,2025-01-07T00:00:00-05:00,True,2025-01-31T12:00:05-05:00,,2025-01-07T09:49:17.477-05:00,2025-01-07T09:49:17.477-05:00,[],{}
420197,1,0008994,874.0,2025-01-09T00:00:00-05:00,True,2025-02-13T11:23:59-05:00,,2025-01-09T13:12:42.54-05:00,2025-01-09T13:12:42.54-05:00,[],{}
420198,1,0010025,218.8,2024-12-30T00:00:00-05:00,True,2025-01-13T15:26:23-05:00,,2025-01-03T09:19:46.833-05:00,2025-01-03T09:19:46.833-05:00,[],{}
420199,1,0009087,1060.0,2025-01-14T00:00:00-05:00,True,2025-01-17T16:01:51-05:00,,2025-01-14T17:38:52.763-05:00,2025-01-14T17:38:52.763-05:00,[],{}
420199,2,0009087,2945.0,2025-01-14T00:00:00-05:00,True,2025-01-17T16:01:51-05:00,,2025-01-14T17:40:12.427-05:00,2025-01-14T17:40:12.427-05:00,[],{}
420201,1,0009946,3116.0,2025-01-10T00:00:00-05:00,True,2025-01-17T16:00:56-05:00,,2025-01-10T17:00:32.397-05:00,2025-01-10T17:00:32.397-05:00,[],{}
420202,1,0010073,513.0,2025-01-21T00:00:00-05:00,True,2025-01-28T16:57:31-05:00,,2025-01-21T15:18:07.713-05:00,2025-01-21T15:18:07.713-05:00,[],{}
420203,1,0009907,50.0,2025-01-09T00:00:00-05:00,True,,,2025-01-09T15:40:25.01-05:00,2025-01-09T15:40:25.013-05:00,[],{}
420203,2,0009907,50.0,2025-01-09T00:00:00-05:00,True,,,2025-01-09T15:42:37.01-05:00,2025-01-09T15:42:37.013-05:00,[],{}
420203,3,0009907,150.0,2025-01-09T00:00:00-05:00,True,,,2025-01-09T15:46:21.43-05:00,2025-01-09T15:46:21.43-05:00,[],{}
420203,4,0009907,200.0,2025-01-09T00:00:00-05:00,True,,,2025-01-09T15:49:08.267-05:00,2025-01-09T15:49:08.267-05:00,[],{}
420204,1,0004533,4713.0,2025-01-03T00:00:00-05:00,True,2025-01-13T15:08:48-05:00,,2025-01-03T15:12:48.733-05:00,2025-01-03T15:12:48.733-05:00,[],{}
420205,1,0004440,3420.0,2025-02-25T00:00:00-05:00,True,2025-02-28T16:30:27-05:00,,2025-02-25T18:59:56.44-05:00,2025-02-25T18:59:56.44-05:00,[],{}
420206,1,0001539,1340.0,2025-02-13T00:00:00-05:00,True,2025-02-19T12:14:02-05:00,,2025-02-13T09:45:22.85-05:00,2025-02-13T09:45:22.85-05:00,[],{}
420208,1,0009959,15542.71,2025-01-03T00:00:00-05:00,True,2025-01-13T15:10:33-05:00,,2025-01-03T12:03:44.457-05:00,2025-01-03T12:03:44.457-05:00,[],{}
420210,1,0004533,3871.5,2025-03-11T00:00:00-04:00,True,,,2025-03-11T09:26:59.07-04:00,2025-03-11T09:26:59.07-04:00,[],{}
420210,2,0004533,1049.6,2025-03-11T00:00:00-04:00,True,,,2025-03-11T09:29:53.08-04:00,2025-03-11T09:29:53.08-04:00,[],{}
420210,3,0004533,2505.85,2025-03-11T00:00:00-04:00,True,,,2025-03-11T09:31:57.857-04:00,2025-03-11T09:31:57.857-04:00,[],{}
420211,1,0004541,447.13,2025-01-07T00:00:00-05:00,True,2025-01-13T15:27:51-05:00,,2025-01-07T10:32:24.577-05:00,2025-01-07T10:32:24.577-05:00,[],{}
420212,1,0004411,856.0,2025-01-16T00:00:00-05:00,True,2025-01-28T17:00:20-05:00,,2025-01-16T16:00:22.223-05:00,2025-01-16T16:00:22.223-05:00,[],{}
420213,1,0001570,1590.0,2025-01-28T00:00:00-05:00,True,2025-01-31T12:03:11-05:00,,2025-01-28T16:47:12.167-05:00,2025-01-28T16:47:12.167-05:00,[],{}
420214,1,0010121,6180.0,2025-01-14T00:00:00-05:00,True,2025-01-31T12:01:07-05:00,,2025-01-14T16:13:56.253-05:00,2025-01-14T16:13:56.253-05:00,[],{}
420215,1,0004541,3374.84,2025-01-07T00:00:00-05:00,True,2025-01-13T15:27:09-05:00,,2025-01-07T10:34:02.52-05:00,2025-01-07T10:34:02.52-05:00,[],{}
420216,1,0004822,2026.0,2025-01-14T00:00:00-05:00,True,2025-01-17T16:02:23-05:00,,2025-01-14T16:34:38.64-05:00,2025-01-14T16:34:38.64-05:00,[],{}
420217,1,0003255,26455.0,2025-01-13T00:00:00-05:00,True,2025-01-31T12:01:58-05:00,,2025-01-13T10:38:32.603-05:00,2025-01-13T10:38:32.603-05:00,[],{}
420218,1,0003102,8612.0,2025-02-06T00:00:00-05:00,True,2025-02-10T10:56:46-05:00,,2025-02-06T15:55:40.453-05:00,2025-02-06T15:55:40.453-05:00,[],{}
420219,1,0010121,16836.0,2025-01-24T00:00:00-05:00,True,2025-02-10T10:53:57-05:00,,2025-01-24T16:17:14.687-05:00,2025-01-24T16:17:14.687-05:00,[],{}
420220,1,0009923,4050.0,2025-01-24T00:00:00-05:00,True,2025-01-28T16:59:16-05:00,,2025-01-24T11:33:18.567-05:00,2025-01-24T11:33:18.567-05:00,[],{}
420221,1,0009995,11320.54,2025-01-14T00:00:00-05:00,True,,,2025-01-14T16:25:43.803-05:00,2025-01-14T16:25:43.803-05:00,[],{}
420221,2,0009995,749.84,2025-01-17T00:00:00-05:00,True,2025-01-31T11:57:36-05:00,,2025-01-17T10:38:25.213-05:00,2025-01-17T10:38:25.213-05:00,[],{}
420222,1,0004927,7560.92,2025-01-30T00:00:00-05:00,True,2025-02-05T11:22:29-05:00,,2025-01-30T12:20:18.253-05:00,2025-01-30T12:20:18.253-05:00,[],{}
420223,1,0001003,10700.0,2025-02-19T00:00:00-05:00,True,2025-03-13T10:09:24-04:00,,2025-02-19T15:14:45.57-05:00,2025-02-19T15:14:45.57-05:00,[],{}
420223,2,0001003,10700.0,2025-03-17T00:00:00-04:00,True,,,2025-03-17T12:51:10.927-04:00,2025-03-17T12:51:10.927-04:00,[],{}
420223,3,0001003,11021.0,2025-03-17T00:00:00-04:00,True,,,2025-03-17T17:07:32.463-04:00,2025-03-17T17:07:32.463-04:00,[],{}
420223,4,0001003,11351.63,2025-03-17T00:00:00-04:00,True,,,2025-03-17T17:19:58.69-04:00,2025-03-17T17:19:58.69-04:00,[],{}
420223,5,0001003,10700.0,2025-03-18T00:00:00-04:00,True,,,2025-03-18T09:44:14.733-04:00,2025-03-18T09:44:14.733-04:00,[],{}
420223,6,0001003,10700.0,2025-03-18T00:00:00-04:00,True,,,2025-03-18T09:44:34.983-04:00,2025-03-18T09:44:34.983-04:00,[],{}
420225,1,0010083,5351.25,2025-02-03T00:00:00-05:00,True,2025-02-10T11:00:26-05:00,,2025-02-03T12:54:11.43-05:00,2025-02-03T12:54:11.43-05:00,[],{}
420227,1,0001570,1791.5,2025-03-07T00:00:00-05:00,True,2025-03-13T10:10:31-04:00,,2025-03-07T15:13:46.59-05:00,2025-03-07T15:13:46.593-05:00,[],{}
420229,1,0009999,40.7,2025-01-16T00:00:00-05:00,True,2025-02-19T12:07:42-05:00,,2025-01-16T15:58:05.323-05:00,2025-01-16T15:58:05.323-05:00,[],{}
420230,1,0003890,304.6,2025-01-20T00:00:00-05:00,True,2025-02-13T11:25:00-05:00,,2025-01-20T09:50:18.413-05:00,2025-01-20T09:50:18.413-05:00,[],{}
420231,1,0004640,830.0,2025-01-23T00:00:00-05:00,True,2025-01-31T11:59:37-05:00,,2025-01-23T12:13:27.043-05:00,2025-01-23T12:13:27.043-05:00,[],{}
420232,1,0003216,341.28,2025-01-20T00:00:00-05:00,True,2025-01-28T17:02:47-05:00,,2025-01-20T09:33:36.223-05:00,2025-01-20T09:33:36.223-05:00,[],{}
420233,1,0004533,1798.02,2025-02-07T00:00:00-05:00,True,,,2025-02-07T16:40:24.75-05:00,2025-02-07T16:40:24.75-05:00,[],{}
420234,1,0004066,1346.0,2025-01-20T00:00:00-05:00,True,2025-01-28T17:01:56-05:00,,2025-01-20T09:43:26.213-05:00,2025-01-20T09:43:26.213-05:00,[],{}
420235,1,0010083,320.0,2025-01-31T00:00:00-05:00,True,2025-02-05T11:21:22-05:00,,2025-01-31T10:07:44.893-05:00,2025-01-31T10:07:44.893-05:00,[],{}
420236,1,0004036,2646.0,2025-01-21T00:00:00-05:00,True,2025-01-28T17:02:19-05:00,,2025-01-21T14:40:04.18-05:00,2025-01-21T14:40:04.197-05:00,[],{}
420237,1,0001060,1641.8,2025-01-21T00:00:00-05:00,True,2025-01-28T17:01:07-05:00,,2025-01-21T14:39:00.457-05:00,2025-01-21T14:39:00.47-05:00,[],{}
420238,1,0010121,6640.0,2025-01-29T00:00:00-05:00,True,,,2025-01-29T17:19:26.95-05:00,2025-01-29T17:19:26.95-05:00,[],{}
420238,2,0010121,6640.0,2025-02-04T00:00:00-05:00,True,2025-02-19T12:11:55-05:00,,2025-02-04T16:42:12.06-05:00,2025-02-04T16:42:12.06-05:00,[],{}
420239,1,0004640,1250.0,2025-01-30T00:00:00-05:00,True,2025-02-10T10:59:56-05:00,,2025-01-30T12:08:17.327-05:00,2025-01-30T12:08:17.327-05:00,[],{}
420240,1,0004541,572.59,2025-01-15T00:00:00-05:00,True,2025-01-17T16:03:55-05:00,,2025-01-15T15:25:58.6-05:00,2025-01-15T15:25:58.6-05:00,[],{}
420241,1,0002150,3026.0,2025-02-11T00:00:00-05:00,True,2025-02-19T12:08:15-05:00,,2025-02-11T16:09:58.57-05:00,2025-02-11T16:09:58.57-05:00,[],{}
420243,1,0001565,4878.2,2025-01-31T00:00:00-05:00,True,2025-01-31T12:03:37-05:00,,2025-01-31T11:29:47.497-05:00,2025-01-31T11:29:47.497-05:00,[],{}
420244,1,0004640,565.0,2025-03-11T00:00:00-04:00,True,,,2025-03-11T11:08:16.853-04:00,2025-03-11T11:08:16.853-04:00,[],{}
420245,1,0009954,925.0,2025-01-30T00:00:00-05:00,True,2025-02-10T10:58:08-05:00,,2025-01-30T13:32:05.353-05:00,2025-01-30T13:32:05.353-05:00,[],{}
420246,1,0004640,3600.0,2025-01-30T00:00:00-05:00,True,2025-02-10T10:59:32-05:00,,2025-01-30T12:34:15.653-05:00,2025-01-30T12:34:15.653-05:00,[],{}
420248,1,0009089,4677.12,2025-01-30T00:00:00-05:00,True,,,2025-01-30T09:52:17.373-05:00,2025-01-30T09:52:17.39-05:00,[],{}
420251,1,0004541,345.16,2025-01-24T00:00:00-05:00,True,2025-01-28T16:58:44-05:00,,2025-01-24T11:34:47.983-05:00,2025-01-24T11:34:47.983-05:00,[],{}
420253,1,0004554,1188.5,2025-02-19T00:00:00-05:00,True,2025-02-28T16:26:29-05:00,,2025-02-19T09:28:51.467-05:00,2025-02-19T09:28:51.467-05:00,[],{}
420256,1,0009967,0.0,2025-01-22T00:00:00-05:00,True,,,2025-01-22T15:51:34.057-05:00,2025-01-22T15:51:34.057-05:00,[],{}
420256,2,0009967,0.0,2025-01-22T00:00:00-05:00,True,,,2025-01-22T15:52:47.75-05:00,2025-01-22T15:52:47.75-05:00,[],{}
420257,1,0010024,1537.25,2025-02-04T00:00:00-05:00,True,2025-02-05T11:23:06-05:00,,2025-02-04T16:30:45.14-05:00,2025-02-04T16:30:45.14-05:00,[],{}
420258,1,0004778,3186.23,2025-02-06T00:00:00-05:00,True,2025-02-13T11:27:26-05:00,,2025-02-06T14:52:00.827-05:00,2025-02-06T14:52:00.827-05:00,[],{}
420259,1,0009952,0.0,2025-01-23T00:00:00-05:00,True,,,2025-01-23T11:11:59.307-05:00,2025-01-23T11:11:59.307-05:00,[],{}
420259,2,0009952,0.0,2025-01-23T00:00:00-05:00,True,,,2025-01-23T11:13:30.477-05:00,2025-01-23T11:13:30.477-05:00,[],{}
420259,3,0009952,0.0,2025-01-23T00:00:00-05:00,True,,,2025-01-23T13:23:11.527-05:00,2025-01-23T13:23:11.53-05:00,[],{}
420260,1,0001521,16457.23,2025-02-19T00:00:00-05:00,True,2025-03-07T12:16:04-05:00,,2025-02-19T12:00:14.733-05:00,2025-02-19T12:00:14.733-05:00,[],{}
420261,1,0004254,3065.36,2025-02-13T00:00:00-05:00,True,2025-02-19T12:12:58-05:00,,2025-02-13T10:06:43.267-05:00,2025-02-13T10:06:43.267-05:00,[],{}
420262,1,0004640,1200.0,2025-01-30T00:00:00-05:00,True,2025-02-10T10:58:35-05:00,,2025-01-30T12:46:50.237-05:00,2025-01-30T12:46:50.237-05:00,[],{}
420263,1,0008992,500.0,2025-02-19T00:00:00-05:00,True,2025-02-20T10:30:12-05:00,,2025-02-19T09:20:12.6-05:00,2025-02-19T09:20:12.6-05:00,[],{}
420264,1,0001533,9661.55,2025-02-25T00:00:00-05:00,True,2025-02-28T16:30:59-05:00,,2025-02-25T16:51:53.51-05:00,2025-02-25T16:51:53.51-05:00,[],{}
420265,1,0010039,5385.69,2025-02-18T00:00:00-05:00,True,2025-02-20T10:32:15-05:00,,2025-02-18T16:00:39.897-05:00,2025-02-18T16:00:39.897-05:00,[],{}
420266,1,0010006,0.0,2025-03-03T00:00:00-05:00,True,,,2025-03-03T11:50:32.85-05:00,2025-03-03T11:50:32.85-05:00,[],{}
420267,1,0001570,310.0,2025-02-13T00:00:00-05:00,True,2025-02-19T12:17:17-05:00,,2025-02-13T10:21:50.027-05:00,2025-02-13T10:21:50.03-05:00,[],{}
420268,1,0004066,6185.0,2025-02-03T00:00:00-05:00,True,2025-02-05T11:22:03-05:00,,2025-02-03T14:37:41.357-05:00,2025-02-03T14:37:41.357-05:00,[],{}
420269,1,0009937,807.0,2025-01-30T00:00:00-05:00,True,2025-01-31T11:59:06-05:00,,2025-01-30T10:50:09.367-05:00,2025-01-30T10:50:09.367-05:00,[],{}
420270,1,0009907,2600.0,2025-01-29T00:00:00-05:00,True,2025-02-05T11:28:08-05:00,,2025-01-29T15:57:52.95-05:00,2025-01-29T15:57:52.95-05:00,[],{}
420272,1,0004124,7607.0,2025-03-07T00:00:00-05:00,True,2025-03-12T15:17:14-04:00,,2025-03-07T09:53:48.193-05:00,2025-03-07T09:53:48.193-05:00,[],{}
420273,1,0004822,1852.0,2025-02-04T00:00:00-05:00,True,2025-02-05T11:20:56-05:00,,2025-02-04T16:36:48.063-05:00,2025-02-04T16:36:48.063-05:00,[],{}
420275,1,0009930,0.0,2025-02-03T00:00:00-05:00,True,,,2025-02-03T12:24:54.237-05:00,2025-02-03T12:24:54.237-05:00,[],{}
420276,1,0004066,2010.0,2025-02-25T00:00:00-05:00,True,2025-03-07T12:15:31-05:00,,2025-02-25T18:21:28.05-05:00,2025-02-25T18:21:28.05-05:00,[],{}
420277,1,0002150,6260.0,2025-03-07T00:00:00-05:00,True,,,2025-03-07T10:28:38.46-05:00,2025-03-07T10:28:38.46-05:00,[],{}
420279,1,0010112,277.08,2025-02-06T00:00:00-05:00,True,2025-02-10T10:57:34-05:00,,2025-02-06T15:51:00.82-05:00,2025-02-06T15:51:00.82-05:00,[],{}
420280,1,0004360,237.56,2025-02-06T00:00:00-05:00,True,2025-02-10T10:54:46-05:00,,2025-02-06T16:00:24.247-05:00,2025-02-06T16:00:24.247-05:00,[],{}
420281,1,0009925,9850.0,2025-02-26T00:00:00-05:00,True,2025-02-28T16:31:30-05:00,,2025-02-26T17:41:02.013-05:00,2025-02-26T17:41:02.013-05:00,[],{}
420282,1,0009057,590.0,2025-02-13T00:00:00-05:00,True,2025-02-19T12:10:37-05:00,,2025-02-13T10:27:11.813-05:00,2025-02-13T10:27:11.813-05:00,[],{}
420283,1,0004079,1574.0,2025-02-13T00:00:00-05:00,True,2025-02-19T12:15:04-05:00,,2025-02-13T11:03:19.927-05:00,2025-02-13T11:03:19.93-05:00,[],{}
420284,1,0001170,1800.0,2025-03-07T00:00:00-05:00,True,2025-03-12T15:19:59-04:00,,2025-03-07T09:42:37.717-05:00,2025-03-07T09:42:37.717-05:00,[],{}
420285,1,0003159,2120.0,2025-02-11T00:00:00-05:00,True,2025-02-13T11:28:31-05:00,,2025-02-11T16:22:06.243-05:00,2025-02-11T16:22:06.243-05:00,[],{}
420286,1,0004703,6903.01,2025-02-18T00:00:00-05:00,True,,,2025-02-18T16:23:38.877-05:00,2025-02-18T16:23:38.877-05:00,[],{}
420287,1,0003815,6050.0,2025-02-19T00:00:00-05:00,True,2025-02-28T16:25:32-05:00,,2025-02-19T15:35:20.347-05:00,2025-02-19T15:35:20.347-05:00,[],{}
420288,1,0004541,2686.09,2025-02-06T00:00:00-05:00,True,2025-02-10T10:55:30-05:00,,2025-02-06T16:09:53.27-05:00,2025-02-06T16:09:53.27-05:00,[],{}
420292,1,0009973,3941.24,2025-02-13T00:00:00-05:00,True,2025-02-19T12:09:56-05:00,,2025-02-13T09:17:22.853-05:00,2025-02-13T09:17:22.87-05:00,[],{}
420293,1,0004066,1259.1,2025-02-18T00:00:00-05:00,True,2025-02-19T12:13:34-05:00,,2025-02-18T16:36:39.12-05:00,2025-02-18T16:36:39.12-05:00,[],{}
420294,1,0004079,4036.25,2025-02-13T00:00:00-05:00,True,2025-02-19T12:09:26-05:00,,2025-02-13T10:57:03.88-05:00,2025-02-13T10:57:03.88-05:00,[],{}
420295,1,0010025,2404.66,2025-02-27T00:00:00-05:00,True,2025-03-07T12:18:18-05:00,,2025-02-27T12:34:54.263-05:00,2025-02-27T12:34:54.263-05:00,[],{}
420296,1,0009937,236.0,2025-02-13T00:00:00-05:00,True,2025-02-19T12:11:16-05:00,,2025-02-13T11:11:20.36-05:00,2025-02-13T11:11:20.36-05:00,[],{}
420298,1,0009907,2600.0,2025-02-18T00:00:00-05:00,True,2025-02-20T10:30:40-05:00,,2025-02-18T16:19:48.723-05:00,2025-02-18T16:19:48.723-05:00,[],{}
420299,1,0004000,0.0,2025-02-11T00:00:00-05:00,True,,,2025-02-11T17:47:34.113-05:00,2025-02-11T17:47:34.113-05:00,[],{}
420300,1,0002140,1004.16,2025-03-06T00:00:00-05:00,True,,,2025-03-06T11:52:27.343-05:00,2025-03-06T11:52:27.343-05:00,[],{}
420301,1,0002140,774.24,2025-02-18T00:00:00-05:00,True,2025-02-28T16:28:17-05:00,,2025-02-18T16:26:22.827-05:00,2025-02-18T16:26:22.827-05:00,[],{}
420302,1,0004254,629.23,2025-02-19T00:00:00-05:00,True,2025-02-20T10:31:07-05:00,,2025-02-19T12:15:01.983-05:00,2025-02-19T12:15:01.983-05:00,[],{}
420304,1,0003252,669.2,2025-02-21T00:00:00-05:00,True,,,2025-02-21T15:52:14.92-05:00,2025-02-21T15:52:14.92-05:00,[],{}
420305,1,0009950,10700.0,2025-03-05T00:00:00-05:00,True,2025-03-13T10:11:48-04:00,,2025-03-05T17:11:15.88-05:00,2025-03-05T17:11:15.88-05:00,[],{}
420306,1,0010025,1438.16,2025-02-27T00:00:00-05:00,True,,,2025-02-27T12:38:42.047-05:00,2025-02-27T12:38:42.047-05:00,[],{}
420307,1,0009954,3060.0,2025-02-21T00:00:00-05:00,True,2025-02-28T16:26:57-05:00,,2025-02-21T17:51:43.58-05:00,2025-02-21T17:51:43.58-05:00,[],{}
420308,1,0010083,19897.5,2025-03-04T00:00:00-05:00,True,2025-03-12T15:17:41-04:00,,2025-03-04T09:19:33.367-05:00,2025-03-04T09:19:33.367-05:00,[],{}
420308,2,0010083,0.0,2025-03-04T00:00:00-05:00,True,,,2025-03-04T09:20:51.483-05:00,2025-03-04T09:20:51.483-05:00,[],{}
420310,1,0001570,202.0,2025-02-26T00:00:00-05:00,True,2025-03-07T11:51:43-05:00,,2025-02-26T10:27:56.29-05:00,2025-02-26T10:27:56.29-05:00,[],{}
420311,1,0004212,579.85,2025-02-19T00:00:00-05:00,True,2025-02-28T16:27:26-05:00,,2025-02-19T15:59:14.843-05:00,2025-02-19T15:59:14.843-05:00,[],{}
420312,1,0001529,9696.0,2025-02-25T00:00:00-05:00,True,,,2025-02-25T18:30:51.497-05:00,2025-02-25T18:30:51.497-05:00,[],{}
420313,1,0010023,1720.0,2025-03-11T00:00:00-04:00,True,2025-03-13T10:06:52-04:00,,2025-03-11T17:29:41.067-04:00,2025-03-11T17:29:41.067-04:00,[],{}
420314,1,0004541,394.5,2025-02-18T00:00:00-05:00,True,2025-02-19T12:18:00-05:00,,2025-02-18T16:25:32.62-05:00,2025-02-18T16:25:32.62-05:00,[],{}
420315,1,0010121,6640.0,2025-02-25T00:00:00-05:00,True,2025-03-07T12:14:16-05:00,,2025-02-25T18:37:33.373-05:00,2025-02-25T18:37:33.373-05:00,[],{}
420316,1,0010121,6640.0,2025-03-03T00:00:00-05:00,True,2025-03-07T12:13:35-05:00,,2025-03-03T12:08:26.357-05:00,2025-03-03T12:08:26.357-05:00,[],{}
420318,1,100151,0.0,2025-02-24T00:00:00-05:00,True,,,2025-02-24T13:11:29.44-05:00,2025-02-24T13:11:29.44-05:00,[],{}
420320,1,0004640,5620.0,2025-02-27T00:00:00-05:00,True,2025-03-07T12:19:21-05:00,,2025-02-27T12:46:28.843-05:00,2025-02-27T12:46:28.843-05:00,[],{}
420323,1,0002140,149.21,2025-02-25T00:00:00-05:00,True,2025-03-07T12:14:49-05:00,,2025-02-25T18:45:00.107-05:00,2025-02-25T18:45:00.107-05:00,[],{}
420325,1,0002880,2025.0,2025-03-11T00:00:00-04:00,True,2025-03-12T15:18:09-04:00,,2025-03-11T11:46:32.663-04:00,2025-03-11T11:46:32.663-04:00,[],{}
420326,1,0010025,1378.18,2025-02-27T00:00:00-05:00,True,2025-03-07T11:51:13-05:00,,2025-02-27T12:29:28.87-05:00,2025-02-27T12:29:28.87-05:00,[],{}
420327,1,0010083,69.75,2025-02-24T00:00:00-05:00,True,,,2025-02-24T15:18:37.337-05:00,2025-02-24T15:18:37.337-05:00,[],{}
420328,1,0009929,305.25,2025-02-24T00:00:00-05:00,True,,,2025-02-24T16:58:54.163-05:00,2025-02-24T16:58:54.163-05:00,[],{}
420328,2,0009929,83.25,2025-03-04T00:00:00-05:00,True,,,2025-03-04T13:36:32.353-05:00,2025-03-04T13:36:32.353-05:00,[],{}
420329,1,0004822,3121.4,2025-02-25T00:00:00-05:00,True,2025-02-28T16:26:06-05:00,,2025-02-25T18:44:07.59-05:00,2025-02-25T18:44:07.59-05:00,[],{}
420330,1,0001521,13968.0,2025-03-07T00:00:00-05:00,True,2025-03-07T12:20:03-05:00,,2025-03-07T10:06:51.783-05:00,2025-03-07T10:06:51.783-05:00,[],{}
420330,2,0001521,13968.0,2025-03-07T00:00:00-05:00,True,2025-03-07T12:20:03-05:00,,2025-03-07T10:08:27.587-05:00,2025-03-07T10:08:27.587-05:00,[],{}
420333,1,0001220,5140.0,2025-03-04T00:00:00-05:00,True,2025-03-07T12:18:45-05:00,,2025-03-04T16:37:54-05:00,2025-03-04T16:37:54-05:00,[],{}
420334,1,0009064,24106.78,2025-03-11T00:00:00-04:00,True,2025-03-12T15:19:32-04:00,,2025-03-11T11:42:49.203-04:00,2025-03-11T11:42:49.203-04:00,[],{}
420336,1,0004533,348.0,2025-03-11T00:00:00-04:00,True,2025-03-12T15:20:24-04:00,,2025-03-11T12:05:37.777-04:00,2025-03-11T12:05:37.777-04:00,[],{}
420337,1,0004541,2776.26,2025-02-27T00:00:00-05:00,True,2025-03-07T12:16:43-05:00,,2025-02-27T16:42:09.68-05:00,2025-02-27T16:42:09.68-05:00,[],{}
420339,1,0004926,2494.0,2025-03-10T00:00:00-04:00,True,,,2025-03-10T09:19:50.473-04:00,2025-03-10T09:19:50.473-04:00,[],{}
420341,1,0004541,1097.67,2025-03-03T00:00:00-05:00,True,2025-03-07T11:56:48-05:00,,2025-03-03T16:08:37.427-05:00,2025-03-03T16:08:37.44-05:00,[],{}
420342,1,0003252,649.5,2025-03-05T00:00:00-05:00,True,,,2025-03-05T16:55:04.087-05:00,2025-03-05T16:55:04.087-05:00,[],{}
420353,1,0004066,2522.0,2025-03-11T00:00:00-04:00,True,2025-03-12T15:18:52-04:00,,2025-03-11T12:01:27.543-04:00,2025-03-11T12:01:27.543-04:00,[],{}
420355,1,0004212,1279.95,2025-03-17T00:00:00-04:00,True,,,2025-03-17T09:52:26.63-04:00,2025-03-17T09:52:26.63-04:00,[],{}
420358,1,0001534,61.23,2025-03-12T00:00:00-04:00,True,2025-03-13T10:13:07-04:00,,2025-03-12T16:38:47.883-04:00,2025-03-12T16:38:47.883-04:00,[],{}
420359,1,0004360,1045.51,2025-03-12T00:00:00-04:00,True,2025-03-13T10:12:33-04:00,,2025-03-12T16:36:41.44-04:00,2025-03-12T16:36:41.44-04:00,[],{}
420360,1,0004541,355.0,2025-03-11T00:00:00-04:00,True,2025-03-12T15:20:49-04:00,,2025-03-11T15:55:28.787-04:00,2025-03-11T15:55:28.787-04:00,[],{}
420362,1,0001534,1838.67,2025-03-14T00:00:00-04:00,True,,,2025-03-14T16:21:54.383-04:00,2025-03-14T16:21:54.383-04:00,[],{}
420364,1,0010093,106.0,2025-03-17T00:00:00-04:00,True,,,2025-03-17T10:50:51.16-04:00,2025-03-17T10:50:51.16-04:00,[],{}
420365,1,0010153,0.0,2025-03-10T00:00:00-04:00,True,,,2025-03-10T17:31:37.95-04:00,2025-03-10T17:31:37.95-04:00,[],{}
420367,1,0004096,0.0,2025-03-10T00:00:00-04:00,True,,,2025-03-10T15:38:29.073-04:00,2025-03-10T15:38:29.073-04:00,[],{}
420367,2,0004096,0.0,2025-03-10T00:00:00-04:00,True,,,2025-03-10T15:39:52.267-04:00,2025-03-10T15:39:52.267-04:00,[],{}
420367,3,0004096,0.0,2025-03-10T00:00:00-04:00,True,,,2025-03-10T15:40:44.223-04:00,2025-03-10T15:40:44.223-04:00,[],{}
420373,1,0003102,1300.8,2025-03-17T00:00:00-04:00,True,,,2025-03-17T10:08:49.497-04:00,2025-03-17T10:08:49.497-04:00,[],{}
420375,1,0010154,0.0,2025-03-11T00:00:00-04:00,True,,,2025-03-11T15:08:09.907-04:00,2025-03-11T15:08:09.907-04:00,[],{}
420377,1,0009936,2112.97,2025-03-14T00:00:00-04:00,True,,,2025-03-14T16:31:08.007-04:00,2025-03-14T16:31:08.007-04:00,[],{}
420396,1,0001060,114.86,2025-07-25T00:00:00-04:00,True,,,2025-07-25T19:17:19.01-04:00,2025-07-25T19:17:19.01-04:00,[],{}
